{
  "0": " ",
  "1": "\ufeffFolklore",
  "2": "legends",
  "3": "myths",
  "4": "and",
  "5": "fairy",
  "6": "tales",
  "7": "have",
  "8": "followed",
  "9": "childhood",
  "10": "through",
  "11": "the",
  "12": "ages",
  "13": "for",
  "14": "every",
  "15": "healthy",
  "16": "youngster",
  "17": "has",
  "18": "a",
  "19": "wholesome",
  "20": "instinctive",
  "21": "love",
  "22": "stories",
  "23": "fantastic",
  "24": "marvelous",
  "25": "manifestly",
  "26": "unreal",
  "27": "The",
  "28": "winged",
  "29": "fairies",
  "30": "of",
  "31": "Grimm",
  "32": "Andersen",
  "33": "brought",
  "34": "more",
  "35": "happiness",
  "36": "to",
  "37": "childish",
  "38": "hearts",
  "39": "than",
  "40": "all",
  "41": "other",
  "42": "human",
  "43": "creations",
  "44": "",
  "45": "Yet",
  "46": "old",
  "47": "time",
  "48": "tale",
  "49": "having",
  "50": "served",
  "51": "generations",
  "52": "may",
  "53": "now",
  "54": "be",
  "55": "classed",
  "56": "as",
  "57": "historical",
  "58": "in",
  "59": "children's",
  "60": "library;",
  "61": "come",
  "62": "series",
  "63": "newer",
  "64": "wonder",
  "65": "which",
  "66": "stereotyped",
  "67": "genie",
  "68": "dwarf",
  "69": "are",
  "70": "eliminated",
  "71": "together",
  "72": "with",
  "73": "horrible",
  "74": "blood-curdling",
  "75": "incidents",
  "76": "devised",
  "77": "by",
  "78": "their",
  "79": "authors",
  "80": "point",
  "81": "fearsome",
  "82": "moral",
  "83": "each",
  "84": "Modern",
  "85": "education",
  "86": "includes",
  "87": "morality;",
  "88": "therefore",
  "89": "modern",
  "90": "child",
  "91": "seeks",
  "92": "only",
  "93": "entertainment",
  "94": "its",
  "95": "gladly",
  "96": "dispenses",
  "97": "disagreeable",
  "98": "incident",
  "99": "Having",
  "100": "this",
  "101": "thought",
  "102": "mind",
  "103": "story",
  "104": "Wonderful",
  "105": "Wizard",
  "106": "Oz",
  "107": "was",
  "108": "written",
  "109": "solely",
  "110": "please",
  "111": "children",
  "112": "today",
  "113": "It",
  "114": "aspires",
  "115": "being",
  "116": "modernized",
  "117": "wonderment",
  "118": "joy",
  "119": "retained",
  "120": "heartaches",
  "121": "nightmares",
  "122": "left",
  "123": "out",
  "124": "L",
  "125": "Frank",
  "126": "Baum",
  "127": "Chicago",
  "128": "April",
  "129": "1900",
  "130": "Chapter",
  "131": "I",
  "132": "Cyclone",
  "133": "Dorothy",
  "134": "lived",
  "135": "midst",
  "136": "great",
  "137": "Kansas",
  "138": "prairies",
  "139": "Uncle",
  "140": "Henry",
  "141": "who",
  "142": "farmer",
  "143": "Aunt",
  "144": "Em",
  "145": "farmer's",
  "146": "wife",
  "147": "Their",
  "148": "house",
  "149": "small",
  "150": "lumber",
  "151": "build",
  "152": "it",
  "153": "had",
  "154": "carried",
  "155": "wagon",
  "156": "many",
  "157": "miles",
  "158": "There",
  "159": "were",
  "160": "four",
  "161": "walls",
  "162": "floor",
  "163": "roof",
  "164": "made",
  "165": "one",
  "166": "room;",
  "167": "room",
  "168": "contained",
  "169": "rusty",
  "170": "looking",
  "171": "cookstove",
  "172": "cupboard",
  "173": "dishes",
  "174": "table",
  "175": "three",
  "176": "or",
  "177": "chairs",
  "178": "beds",
  "179": "big",
  "180": "bed",
  "181": "corner",
  "182": "little",
  "183": "another",
  "184": "no",
  "185": "garret",
  "186": "at",
  "187": "cellar--except",
  "188": "hole",
  "189": "dug",
  "190": "ground",
  "191": "called",
  "192": "cyclone",
  "193": "cellar",
  "194": "where",
  "195": "family",
  "196": "could",
  "197": "go",
  "198": "case",
  "199": "those",
  "200": "whirlwinds",
  "201": "arose",
  "202": "mighty",
  "203": "enough",
  "204": "crush",
  "205": "any",
  "206": "building",
  "207": "path",
  "208": "reached",
  "209": "trap",
  "210": "door",
  "211": "middle",
  "212": "from",
  "213": "ladder",
  "214": "led",
  "215": "down",
  "216": "into",
  "217": "dark",
  "218": "When",
  "219": "stood",
  "220": "doorway",
  "221": "looked",
  "222": "around",
  "223": "she",
  "224": "see",
  "225": "nothing",
  "226": "but",
  "227": "gray",
  "228": "prairie",
  "229": "on",
  "230": "side",
  "231": "Not",
  "232": "tree",
  "233": "nor",
  "234": "broke",
  "235": "broad",
  "236": "sweep",
  "237": "flat",
  "238": "country",
  "239": "that",
  "240": "edge",
  "241": "sky",
  "242": "directions",
  "243": "sun",
  "244": "baked",
  "245": "plowed",
  "246": "land",
  "247": "mass",
  "248": "cracks",
  "249": "running",
  "250": "Even",
  "251": "grass",
  "252": "not",
  "253": "green",
  "254": "burned",
  "255": "tops",
  "256": "long",
  "257": "blades",
  "258": "until",
  "259": "they",
  "260": "same",
  "261": "color",
  "262": "seen",
  "263": "everywhere",
  "264": "Once",
  "265": "been",
  "266": "painted",
  "267": "blistered",
  "268": "paint",
  "269": "rains",
  "270": "washed",
  "271": "away",
  "272": "dull",
  "273": "everything",
  "274": "else",
  "275": "came",
  "276": "there",
  "277": "live",
  "278": "young",
  "279": "pretty",
  "280": "wind",
  "281": "changed",
  "282": "her",
  "283": "too",
  "284": "They",
  "285": "taken",
  "286": "sparkle",
  "287": "eyes",
  "288": "them",
  "289": "sober",
  "290": "gray;",
  "291": "red",
  "292": "cheeks",
  "293": "lips",
  "294": "also",
  "295": "She",
  "296": "thin",
  "297": "gaunt",
  "298": "never",
  "299": "smiled",
  "300": "an",
  "301": "orphan",
  "302": "first",
  "303": "so",
  "304": "startled",
  "305": "child's",
  "306": "laughter",
  "307": "would",
  "308": "scream",
  "309": "press",
  "310": "hand",
  "311": "upon",
  "312": "heart",
  "313": "whenever",
  "314": "Dorothy's",
  "315": "merry",
  "316": "voice",
  "317": "ears;",
  "318": "still",
  "319": "girl",
  "320": "find",
  "321": "anything",
  "322": "laugh",
  "323": "laughed",
  "324": "He",
  "325": "worked",
  "326": "hard",
  "327": "morning",
  "328": "till",
  "329": "night",
  "330": "did",
  "331": "know",
  "332": "what",
  "333": "his",
  "334": "beard",
  "335": "rough",
  "336": "boots",
  "337": "he",
  "338": "stern",
  "339": "solemn",
  "340": "rarely",
  "341": "spoke",
  "342": "Toto",
  "343": "saved",
  "344": "growing",
  "345": "surroundings",
  "346": "black",
  "347": "dog",
  "348": "silky",
  "349": "hair",
  "350": "twinkled",
  "351": "merrily",
  "352": "either",
  "353": "funny",
  "354": "wee",
  "355": "nose",
  "356": "played",
  "357": "day",
  "358": "him",
  "359": "loved",
  "360": "dearly",
  "361": "Today",
  "362": "however",
  "363": "playing",
  "364": "sat",
  "365": "doorstep",
  "366": "anxiously",
  "367": "even",
  "368": "grayer",
  "369": "usual",
  "370": "arms",
  "371": "washing",
  "372": "From",
  "373": "far",
  "374": "north",
  "375": "heard",
  "376": "low",
  "377": "wail",
  "378": "bowed",
  "379": "waves",
  "380": "before",
  "381": "coming",
  "382": "storm",
  "383": "sharp",
  "384": "whistling",
  "385": "air",
  "386": "south",
  "387": "turned",
  "388": "way",
  "389": "saw",
  "390": "ripples",
  "391": "direction",
  "392": "Suddenly",
  "393": "up",
  "394": "There's",
  "395": "I'll",
  "396": "look",
  "397": "after",
  "398": "stock",
  "399": "Then",
  "400": "ran",
  "401": "toward",
  "402": "sheds",
  "403": "cows",
  "404": "horses",
  "405": "kept",
  "406": "dropped",
  "407": "work",
  "408": "One",
  "409": "glance",
  "410": "told",
  "411": "danger",
  "412": "close",
  "413": "\"Quick",
  "414": "Dorothy!",
  "415": "screamed",
  "416": "Run",
  "417": "cellar!",
  "418": "jumped",
  "419": "hid",
  "420": "under",
  "421": "started",
  "422": "get",
  "423": "badly",
  "424": "frightened",
  "425": "threw",
  "426": "open",
  "427": "climbed",
  "428": "caught",
  "429": "last",
  "430": "follow",
  "431": "aunt",
  "432": "halfway",
  "433": "across",
  "434": "shriek",
  "435": "shook",
  "436": "lost",
  "437": "footing",
  "438": "suddenly",
  "439": "strange",
  "440": "thing",
  "441": "happened",
  "442": "whirled",
  "443": "two",
  "444": "times",
  "445": "rose",
  "446": "slowly",
  "447": "felt",
  "448": "if",
  "449": "going",
  "450": "balloon",
  "451": "winds",
  "452": "met",
  "453": "exact",
  "454": "center",
  "455": "In",
  "456": "is",
  "457": "generally",
  "458": "pressure",
  "459": "raised",
  "460": "higher",
  "461": "very",
  "462": "top",
  "463": "cyclone;",
  "464": "remained",
  "465": "easily",
  "466": "you",
  "467": "carry",
  "468": "feather",
  "469": "howled",
  "470": "horribly",
  "471": "found",
  "472": "riding",
  "473": "quite",
  "474": "After",
  "475": "few",
  "476": "whirls",
  "477": "when",
  "478": "tipped",
  "479": "rocked",
  "480": "gently",
  "481": "like",
  "482": "baby",
  "483": "cradle",
  "484": "about",
  "485": "here",
  "486": "barking",
  "487": "loudly;",
  "488": "waited",
  "489": "happen",
  "490": "got",
  "491": "near",
  "492": "fell",
  "493": "in;",
  "494": "But",
  "495": "soon",
  "496": "ears",
  "497": "sticking",
  "498": "strong",
  "499": "keeping",
  "500": "fall",
  "501": "crept",
  "502": "ear",
  "503": "dragged",
  "504": "again",
  "505": "afterward",
  "506": "closing",
  "507": "accidents",
  "508": "Hour",
  "509": "hour",
  "510": "passed",
  "511": "over",
  "512": "fright;",
  "513": "lonely",
  "514": "shrieked",
  "515": "loudly",
  "516": "nearly",
  "517": "became",
  "518": "deaf",
  "519": "At",
  "520": "wondered",
  "521": "dashed",
  "522": "pieces",
  "523": "again;",
  "524": "hours",
  "525": "terrible",
  "526": "stopped",
  "527": "worrying",
  "528": "resolved",
  "529": "wait",
  "530": "calmly",
  "531": "future",
  "532": "bring",
  "533": "crawled",
  "534": "swaying",
  "535": "lay",
  "536": "it;",
  "537": "beside",
  "538": "spite",
  "539": "wailing",
  "540": "closed",
  "541": "fast",
  "542": "asleep",
  "543": "II",
  "544": "Council",
  "545": "Munchkins",
  "546": "awakened",
  "547": "shock",
  "548": "sudden",
  "549": "severe",
  "550": "lying",
  "551": "soft",
  "552": "might",
  "553": "hurt",
  "554": "As",
  "555": "jar",
  "556": "catch",
  "557": "breath",
  "558": "happened;",
  "559": "put",
  "560": "cold",
  "561": "face",
  "562": "whined",
  "563": "dismally",
  "564": "noticed",
  "565": "moving;",
  "566": "bright",
  "567": "sunshine",
  "568": "window",
  "569": "flooding",
  "570": "sprang",
  "571": "heels",
  "572": "opened",
  "573": "gave",
  "574": "cry",
  "575": "amazement",
  "576": "bigger",
  "577": "wonderful",
  "578": "sights",
  "579": "set",
  "580": "gently--for",
  "581": "cyclone--in",
  "582": "beauty",
  "583": "lovely",
  "584": "patches",
  "585": "greensward",
  "586": "stately",
  "587": "trees",
  "588": "bearing",
  "589": "rich",
  "590": "luscious",
  "591": "fruits",
  "592": "Banks",
  "593": "gorgeous",
  "594": "flowers",
  "595": "birds",
  "596": "rare",
  "597": "brilliant",
  "598": "plumage",
  "599": "sang",
  "600": "fluttered",
  "601": "bushes",
  "602": "A",
  "603": "off",
  "604": "brook",
  "605": "rushing",
  "606": "sparkling",
  "607": "along",
  "608": "between",
  "609": "banks",
  "610": "murmuring",
  "611": "grateful",
  "612": "dry",
  "613": "While",
  "614": "eagerly",
  "615": "beautiful",
  "616": "group",
  "617": "queerest",
  "618": "people",
  "619": "ever",
  "620": "grown",
  "621": "folk",
  "622": "always",
  "623": "used",
  "624": "to;",
  "625": "neither",
  "626": "fact",
  "627": "seemed",
  "628": "tall",
  "629": "well-grown",
  "630": "age",
  "631": "although",
  "632": "looks",
  "633": "years",
  "634": "older",
  "635": "Three",
  "636": "men",
  "637": "woman",
  "638": "oddly",
  "639": "dressed",
  "640": "wore",
  "641": "round",
  "642": "hats",
  "643": "foot",
  "644": "above",
  "645": "heads",
  "646": "bells",
  "647": "brims",
  "648": "tinkled",
  "649": "sweetly",
  "650": "moved",
  "651": "blue;",
  "652": "woman's",
  "653": "hat",
  "654": "white",
  "655": "gown",
  "656": "hung",
  "657": "pleats",
  "658": "shoulders",
  "659": "Over",
  "660": "sprinkled",
  "661": "stars",
  "662": "glistened",
  "663": "diamonds",
  "664": "blue",
  "665": "shade",
  "666": "well-polished",
  "667": "deep",
  "668": "roll",
  "669": "beards",
  "670": "doubtless",
  "671": "much",
  "672": "Her",
  "673": "covered",
  "674": "wrinkles",
  "675": "walked",
  "676": "rather",
  "677": "stiffly",
  "678": "these",
  "679": "drew",
  "680": "standing",
  "681": "paused",
  "682": "whispered",
  "683": "among",
  "684": "themselves",
  "685": "afraid",
  "686": "farther",
  "687": "bow",
  "688": "said",
  "689": "sweet",
  "690": "voice:",
  "691": "You",
  "692": "welcome",
  "693": "most",
  "694": "noble",
  "695": "Sorceress",
  "696": "We",
  "697": "killed",
  "698": "Wicked",
  "699": "Witch",
  "700": "East",
  "701": "setting",
  "702": "our",
  "703": "free",
  "704": "bondage",
  "705": "listened",
  "706": "speech",
  "707": "What",
  "708": "possibly",
  "709": "mean",
  "710": "calling",
  "711": "sorceress",
  "712": "saying",
  "713": "innocent",
  "714": "harmless",
  "715": "home;",
  "716": "life",
  "717": "evidently",
  "718": "expected",
  "719": "answer;",
  "720": "hesitation",
  "721": "kind",
  "722": "must",
  "723": "some",
  "724": "mistake",
  "725": "Your",
  "726": "anyway",
  "727": "replied",
  "728": "See!",
  "729": "continued",
  "730": "pointing",
  "731": "feet",
  "732": "block",
  "733": "wood",
  "734": "fright",
  "735": "indeed",
  "736": "just",
  "737": "beam",
  "738": "rested",
  "739": "shod",
  "740": "silver",
  "741": "shoes",
  "742": "pointed",
  "743": "toes",
  "744": "\"Oh",
  "745": "dear",
  "746": "Oh",
  "747": "dear!",
  "748": "cried",
  "749": "clasping",
  "750": "hands",
  "751": "dismay",
  "752": "fallen",
  "753": "Whatever",
  "754": "shall",
  "755": "we",
  "756": "do?",
  "757": "done",
  "758": "she?",
  "759": "asked",
  "760": "answered",
  "761": "held",
  "762": "making",
  "763": "slave",
  "764": "Now",
  "765": "favor",
  "766": "Who",
  "767": "Munchkins?",
  "768": "inquired",
  "769": "ruled",
  "770": "Are",
  "771": "Munchkin?",
  "772": "\"No",
  "773": "am",
  "774": "friend",
  "775": "North",
  "776": "dead",
  "777": "sent",
  "778": "swift",
  "779": "messenger",
  "780": "me",
  "781": "once",
  "782": "gracious!",
  "783": "real",
  "784": "witch?",
  "785": "\"Yes",
  "786": "good",
  "787": "witch",
  "788": "powerful",
  "789": "should",
  "790": "myself",
  "791": "witches",
  "792": "wicked",
  "793": "half",
  "794": "facing",
  "795": "Land",
  "796": "South",
  "797": "true",
  "798": "cannot",
  "799": "mistaken",
  "800": "Those",
  "801": "dwelt",
  "802": "West",
  "803": "witches;",
  "804": "Oz--the",
  "805": "lives",
  "806": "\"But",
  "807": "moment's",
  "808": "dead--years",
  "809": "ago",
  "810": "Em?",
  "811": "my",
  "812": "think",
  "813": "head",
  "814": "do",
  "815": "mentioned",
  "816": "tell",
  "817": "civilized",
  "818": "country?",
  "819": "yes",
  "820": "accounts",
  "821": "countries",
  "822": "believe",
  "823": "wizards",
  "824": "sorceresses",
  "825": "magicians",
  "826": "cut",
  "827": "rest",
  "828": "world",
  "829": "Therefore",
  "830": "amongst",
  "831": "us",
  "832": "wizards?",
  "833": "himself",
  "834": "Great",
  "835": "sinking",
  "836": "whisper",
  "837": "City",
  "838": "Emeralds",
  "839": "ask",
  "840": "question",
  "841": "then",
  "842": "silently",
  "843": "loud",
  "844": "shout",
  "845": "it?",
  "846": "began",
  "847": "disappeared",
  "848": "entirely",
  "849": "explained",
  "850": "dried",
  "851": "quickly",
  "852": "That",
  "853": "end",
  "854": "yours",
  "855": "wear",
  "856": "picked",
  "857": "shaking",
  "858": "dust",
  "859": "handed",
  "860": "proud",
  "861": "charm",
  "862": "connected",
  "863": "them;",
  "864": "knew",
  "865": "placed",
  "866": "said:",
  "867": "anxious",
  "868": "back",
  "869": "uncle",
  "870": "sure",
  "871": "will",
  "872": "worry",
  "873": "Can",
  "874": "help",
  "875": "way?",
  "876": "desert",
  "877": "none",
  "878": "cross",
  "879": "Quadlings",
  "880": "third",
  "881": "man",
  "882": "And",
  "883": "Winkies",
  "884": "make",
  "885": "home",
  "886": "lady",
  "887": "surrounds",
  "888": "I'm",
  "889": "sob",
  "890": "tears",
  "891": "grieve",
  "892": "kind-hearted",
  "893": "immediately",
  "894": "took",
  "895": "handkerchiefs",
  "896": "weep",
  "897": "cap",
  "898": "balanced",
  "899": "while",
  "900": "counted",
  "901": "\"One",
  "902": "slate",
  "903": "chalk",
  "904": "marks:",
  "905": "LET",
  "906": "DOROTHY",
  "907": "GO",
  "908": "TO",
  "909": "THE",
  "910": "CITY",
  "911": "OF",
  "912": "EMERALDS",
  "913": "read",
  "914": "words",
  "915": "Is",
  "916": "your",
  "917": "name",
  "918": "dear?",
  "919": "drying",
  "920": "Perhaps",
  "921": "Where",
  "922": "city?",
  "923": "exactly",
  "924": "man?",
  "925": "Whether",
  "926": "How",
  "927": "can",
  "928": "there?",
  "929": "walk",
  "930": "journey",
  "931": "sometimes",
  "932": "pleasant",
  "933": "However",
  "934": "use",
  "935": "magic",
  "936": "arts",
  "937": "keep",
  "938": "harm",
  "939": "Won't",
  "940": "me?",
  "941": "pleaded",
  "942": "begun",
  "943": "give",
  "944": "kiss",
  "945": "dare",
  "946": "injure",
  "947": "person",
  "948": "kissed",
  "949": "forehead",
  "950": "touched",
  "951": "shining",
  "952": "mark",
  "953": "road",
  "954": "paved",
  "955": "yellow",
  "956": "brick",
  "957": "miss",
  "958": "Good-bye",
  "959": "wished",
  "960": "friendly",
  "961": "nod",
  "962": "heel",
  "963": "straightway",
  "964": "surprise",
  "965": "barked",
  "966": "gone",
  "967": "because",
  "968": "growl",
  "969": "knowing",
  "970": "disappear",
  "971": "surprised",
  "972": "least",
  "973": "III",
  "974": "Saved",
  "975": "Scarecrow",
  "976": "alone",
  "977": "feel",
  "978": "hungry",
  "979": "So",
  "980": "went",
  "981": "herself",
  "982": "bread",
  "983": "spread",
  "984": "butter",
  "985": "taking",
  "986": "pail",
  "987": "shelf",
  "988": "filled",
  "989": "clear",
  "990": "water",
  "991": "bark",
  "992": "sitting",
  "993": "such",
  "994": "delicious",
  "995": "fruit",
  "996": "hanging",
  "997": "branches",
  "998": "gathered",
  "999": "finding",
  "1000": "wanted",
  "1001": "breakfast",
  "1002": "helped",
  "1003": "drink",
  "1004": "cool",
  "1005": "ready",
  "1006": "dress",
  "1007": "clean",
  "1008": "peg",
  "1009": "gingham",
  "1010": "checks",
  "1011": "somewhat",
  "1012": "faded",
  "1013": "washings",
  "1014": "frock",
  "1015": "carefully",
  "1016": "tied",
  "1017": "pink",
  "1018": "sunbonnet",
  "1019": "basket",
  "1020": "laying",
  "1021": "cloth",
  "1022": "how",
  "1023": "worn",
  "1024": "surely",
  "1025": "wagged",
  "1026": "tail",
  "1027": "show",
  "1028": "meant",
  "1029": "moment",
  "1030": "belonged",
  "1031": "fit",
  "1032": "take",
  "1033": "leather",
  "1034": "tried",
  "1035": "ones",
  "1036": "fitted",
  "1037": "well",
  "1038": "Finally",
  "1039": "Come",
  "1040": "Emerald",
  "1041": "locked",
  "1042": "key",
  "1043": "pocket",
  "1044": "trotting",
  "1045": "soberly",
  "1046": "behind",
  "1047": "several",
  "1048": "roads",
  "1049": "nearby",
  "1050": "bricks",
  "1051": "Within",
  "1052": "short",
  "1053": "walking",
  "1054": "briskly",
  "1055": "tinkling",
  "1056": "road-bed",
  "1057": "shone",
  "1058": "bad",
  "1059": "whisked",
  "1060": "own",
  "1061": "neat",
  "1062": "fences",
  "1063": "sides",
  "1064": "dainty",
  "1065": "beyond",
  "1066": "fields",
  "1067": "grain",
  "1068": "vegetables",
  "1069": "abundance",
  "1070": "Evidently",
  "1071": "farmers",
  "1072": "able",
  "1073": "raise",
  "1074": "large",
  "1075": "crops",
  "1076": "pass",
  "1077": "by;",
  "1078": "everyone",
  "1079": "means",
  "1080": "destroying",
  "1081": "houses",
  "1082": "odd-looking",
  "1083": "dwellings",
  "1084": "dome",
  "1085": "All",
  "1086": "favorite",
  "1087": "Toward",
  "1088": "evening",
  "1089": "tired",
  "1090": "larger",
  "1091": "On",
  "1092": "lawn",
  "1093": "women",
  "1094": "dancing",
  "1095": "Five",
  "1096": "fiddlers",
  "1097": "possible",
  "1098": "laughing",
  "1099": "singing",
  "1100": "loaded",
  "1101": "nuts",
  "1102": "pies",
  "1103": "cakes",
  "1104": "things",
  "1105": "eat",
  "1106": "greeted",
  "1107": "kindly",
  "1108": "invited",
  "1109": "supper",
  "1110": "richest",
  "1111": "friends",
  "1112": "celebrate",
  "1113": "freedom",
  "1114": "ate",
  "1115": "hearty",
  "1116": "Munchkin",
  "1117": "whose",
  "1118": "Boq",
  "1119": "settee",
  "1120": "watched",
  "1121": "dance",
  "1122": "Why?",
  "1123": "Because",
  "1124": "Besides",
  "1125": "My",
  "1126": "checked",
  "1127": "smoothing",
  "1128": "Blue",
  "1129": "say",
  "1130": "ordinary",
  "1131": "chance",
  "1132": "watching",
  "1133": "sheets",
  "1134": "slept",
  "1135": "soundly",
  "1136": "curled",
  "1137": "rug",
  "1138": "pulled",
  "1139": "crowed",
  "1140": "greatly",
  "1141": "amused",
  "1142": "fine",
  "1143": "curiosity",
  "1144": "City?",
  "1145": "gravely",
  "1146": "better",
  "1147": "unless",
  "1148": "business",
  "1149": "days",
  "1150": "dangerous",
  "1151": "places",
  "1152": "reach",
  "1153": "This",
  "1154": "worried",
  "1155": "bravely",
  "1156": "turn",
  "1157": "bade",
  "1158": "good-bye",
  "1159": "stop",
  "1160": "fence",
  "1161": "cornfield",
  "1162": "high",
  "1163": "pole",
  "1164": "ripe",
  "1165": "corn",
  "1166": "leaned",
  "1167": "chin",
  "1168": "gazed",
  "1169": "thoughtfully",
  "1170": "Its",
  "1171": "sack",
  "1172": "stuffed",
  "1173": "straw",
  "1174": "mouth",
  "1175": "represent",
  "1176": "An",
  "1177": "perched",
  "1178": "figure",
  "1179": "suit",
  "1180": "clothes",
  "1181": "stalks",
  "1182": "stuck",
  "1183": "earnestly",
  "1184": "queer",
  "1185": "wink",
  "1186": "scarecrows",
  "1187": "wink;",
  "1188": "presently",
  "1189": "nodded",
  "1190": "Good",
  "1191": "husky",
  "1192": "Did",
  "1193": "speak?",
  "1194": "\"Certainly",
  "1195": "thank",
  "1196": "politely",
  "1197": "feeling",
  "1198": "smile",
  "1199": "tedious",
  "1200": "scare",
  "1201": "crows",
  "1202": "Can't",
  "1203": "down?",
  "1204": "If",
  "1205": "obliged",
  "1206": "both",
  "1207": "lifted",
  "1208": "light",
  "1209": "Thank",
  "1210": "new",
  "1211": "puzzled",
  "1212": "sounded",
  "1213": "hear",
  "1214": "speak",
  "1215": "you?",
  "1216": "stretched",
  "1217": "yawned",
  "1218": "going?",
  "1219": "send",
  "1220": "Oz?",
  "1221": "\"Why",
  "1222": "don't",
  "1223": "know?",
  "1224": "returned",
  "1225": "brains",
  "1226": "sadly",
  "1227": "awfully",
  "1228": "sorry",
  "1229": "Do",
  "1230": "brains?",
  "1231": "worse",
  "1232": "confidentially",
  "1233": "legs",
  "1234": "body",
  "1235": "anyone",
  "1236": "treads",
  "1237": "sticks",
  "1238": "pin",
  "1239": "doesn't",
  "1240": "matter",
  "1241": "can't",
  "1242": "want",
  "1243": "call",
  "1244": "fool",
  "1245": "stays",
  "1246": "instead",
  "1247": "anything?",
  "1248": "understand",
  "1249": "truly",
  "1250": "gratefully",
  "1251": "addition",
  "1252": "party",
  "1253": "smelled",
  "1254": "suspected",
  "1255": "nest",
  "1256": "rats",
  "1257": "often",
  "1258": "growled",
  "1259": "unfriendly",
  "1260": "Don't",
  "1261": "bites",
  "1262": "let",
  "1263": "secret",
  "1264": "that?",
  "1265": "Dorothy;",
  "1266": "Scarecrow;",
  "1267": "it's",
  "1268": "lighted",
  "1269": "match",
  "1270": "IV",
  "1271": "Road",
  "1272": "Through",
  "1273": "Forest",
  "1274": "grew",
  "1275": "difficult",
  "1276": "stumbled",
  "1277": "uneven",
  "1278": "Sometimes",
  "1279": "broken",
  "1280": "missing",
  "1281": "altogether",
  "1282": "leaving",
  "1283": "holes",
  "1284": "straight",
  "1285": "ahead",
  "1286": "stepped",
  "1287": "full",
  "1288": "length",
  "1289": "pick",
  "1290": "joined",
  "1291": "mishap",
  "1292": "farms",
  "1293": "cared",
  "1294": "fewer",
  "1295": "dismal",
  "1296": "lonesome",
  "1297": "noon",
  "1298": "roadside",
  "1299": "offered",
  "1300": "piece",
  "1301": "refused",
  "1302": "lucky",
  "1303": "spoil",
  "1304": "shape",
  "1305": "eating",
  "1306": "Tell",
  "1307": "something",
  "1308": "yourself",
  "1309": "finished",
  "1310": "dinner",
  "1311": "why",
  "1312": "wish",
  "1313": "leave",
  "1314": "place",
  "1315": "No",
  "1316": "dreary",
  "1317": "homes",
  "1318": "flesh",
  "1319": "blood",
  "1320": "sighed",
  "1321": "Of",
  "1322": "course",
  "1323": "mine",
  "1324": "probably",
  "1325": "fortunate",
  "1326": "resting?",
  "1327": "reproachfully",
  "1328": "answered:",
  "1329": "really",
  "1330": "whatever",
  "1331": "yesterday",
  "1332": "unknown",
  "1333": "Luckily",
  "1334": "\u2018How",
  "1335": "'",
  "1336": "\u2018They",
  "1337": "aren't",
  "1338": "\u2018Never",
  "1339": "\u2018Now",
  "1340": "right",
  "1341": "eye",
  "1342": "deal",
  "1343": "glimpse",
  "1344": "\u2018That's",
  "1345": "remarked",
  "1346": "\u2018Blue",
  "1347": "\u2018I",
  "1348": "second",
  "1349": "didn't",
  "1350": "fun",
  "1351": "legs;",
  "1352": "fastened",
  "1353": "\u2018This",
  "1354": "fellow",
  "1355": "\u2018He",
  "1356": "\"\u2018Why",
  "1357": "agreed",
  "1358": "arm",
  "1359": "stick",
  "1360": "deserted",
  "1361": "touch",
  "1362": "forced",
  "1363": "stay",
  "1364": "lead",
  "1365": "Many",
  "1366": "flew",
  "1367": "thinking",
  "1368": "Munchkin;",
  "1369": "pleased",
  "1370": "important",
  "1371": "By",
  "1372": "crow",
  "1373": "shoulder",
  "1374": "clumsy",
  "1375": "manner",
  "1376": "Any",
  "1377": "sense",
  "1378": "hopped",
  "1379": "seeing",
  "1380": "harmed",
  "1381": "flock",
  "1382": "sad",
  "1383": "showed",
  "1384": "all;",
  "1385": "comforted",
  "1386": "\u2018If",
  "1387": "Brains",
  "1388": "worth",
  "1389": "whether",
  "1390": "decided",
  "1391": "try",
  "1392": "luck",
  "1393": "stake",
  "1394": "hope",
  "1395": "since",
  "1396": "seem",
  "1397": "yes;",
  "1398": "uncomfortable",
  "1399": "\"Well",
  "1400": "untilled",
  "1401": "forest",
  "1402": "almost",
  "1403": "shut",
  "1404": "daylight;",
  "1405": "travelers",
  "1406": "goes",
  "1407": "wherever",
  "1408": "leads",
  "1409": "Anyone",
  "1410": "Certainly;",
  "1411": "required",
  "1412": "stumbling",
  "1413": "darkness",
  "1414": "dogs",
  "1415": "dark;",
  "1416": "declared",
  "1417": "hold",
  "1418": "managed",
  "1419": "fairly",
  "1420": "me;",
  "1421": "Soon",
  "1422": "cottage",
  "1423": "built",
  "1424": "logs",
  "1425": "Shall",
  "1426": "entered",
  "1427": "leaves",
  "1428": "sound",
  "1429": "sleep",
  "1430": "patiently",
  "1431": "V",
  "1432": "Rescue",
  "1433": "Tin",
  "1434": "Woodman",
  "1435": "awoke",
  "1436": "chasing",
  "1437": "squirrels",
  "1438": "waiting",
  "1439": "search",
  "1440": "Why",
  "1441": "water?",
  "1442": "To",
  "1443": "wash",
  "1444": "throat",
  "1445": "inconvenient",
  "1446": "lot",
  "1447": "bother",
  "1448": "properly",
  "1449": "spring",
  "1450": "drank",
  "1451": "bathed",
  "1452": "thankful",
  "1453": "scarcely",
  "1454": "meal",
  "1455": "groan",
  "1456": "timidly",
  "1457": "imagine",
  "1458": "Just",
  "1459": "steps",
  "1460": "discovered",
  "1461": "ray",
  "1462": "partly",
  "1463": "chopped",
  "1464": "uplifted",
  "1465": "axe",
  "1466": "tin",
  "1467": "His",
  "1468": "jointed",
  "1469": "perfectly",
  "1470": "motionless",
  "1471": "stir",
  "1472": "sharply",
  "1473": "snap",
  "1474": "teeth",
  "1475": "groan?",
  "1476": "I've",
  "1477": "groaning",
  "1478": "year",
  "1479": "softly",
  "1480": "Get",
  "1481": "oil-can",
  "1482": "oil",
  "1483": "joints",
  "1484": "rusted",
  "1485": "move",
  "1486": "oiled",
  "1487": "joints?",
  "1488": "Oil",
  "1489": "neck",
  "1490": "freely",
  "1491": "bent",
  "1492": "rust",
  "1493": "sigh",
  "1494": "satisfaction",
  "1495": "lowered",
  "1496": "against",
  "1497": "comfort",
  "1498": "holding",
  "1499": "glad",
  "1500": "freely;",
  "1501": "thanked",
  "1502": "release",
  "1503": "polite",
  "1504": "creature",
  "1505": "said;",
  "1506": "certainly",
  "1507": "here?",
  "1508": "wants",
  "1509": "appeared",
  "1510": "deeply",
  "1511": "suppose",
  "1512": "heart?",
  "1513": "guess",
  "1514": "easy",
  "1515": "\"True",
  "1516": "\"So",
  "1517": "allow",
  "1518": "join",
  "1519": "heartily",
  "1520": "added",
  "1521": "company",
  "1522": "shouldered",
  "1523": "\"For",
  "1524": "rain",
  "1525": "need",
  "1526": "bit",
  "1527": "comrade",
  "1528": "thick",
  "1529": "cleared",
  "1530": "passage",
  "1531": "entire",
  "1532": "notice",
  "1533": "rolled",
  "1534": "Indeed",
  "1535": "hole?",
  "1536": "cheerfully",
  "1537": "best",
  "1538": "Have",
  "1539": "any?",
  "1540": "empty",
  "1541": "also;",
  "1542": "following",
  "1543": "story:",
  "1544": "born",
  "1545": "son",
  "1546": "woodman",
  "1547": "sold",
  "1548": "living",
  "1549": "woodchopper",
  "1550": "father",
  "1551": "died",
  "1552": "care",
  "1553": "mother",
  "1554": "marry",
  "1555": "become",
  "1556": "girls",
  "1557": "part",
  "1558": "promised",
  "1559": "earn",
  "1560": "money",
  "1561": "her;",
  "1562": "harder",
  "1563": "lazy",
  "1564": "remain",
  "1565": "cooking",
  "1566": "housework",
  "1567": "sheep",
  "1568": "cow",
  "1569": "prevent",
  "1570": "marriage",
  "1571": "Thereupon",
  "1572": "enchanted",
  "1573": "chopping",
  "1574": "slipped",
  "1575": "leg",
  "1576": "misfortune",
  "1577": "one-legged",
  "1578": "wood-chopper",
  "1579": "tinsmith",
  "1580": "action",
  "1581": "angered",
  "1582": "Again",
  "1583": "other;",
  "1584": "daunted",
  "1585": "replaced",
  "1586": "slip",
  "1587": "beaten",
  "1588": "ever;",
  "1589": "cruel",
  "1590": "enemy",
  "1591": "kill",
  "1592": "maiden",
  "1593": "splitting",
  "1594": "halves",
  "1595": "fastening",
  "1596": "alas",
  "1597": "married",
  "1598": "brightly",
  "1599": "danger--that",
  "1600": "rust;",
  "1601": "needed",
  "1602": "forgot",
  "1603": "rainstorm",
  "1604": "stand",
  "1605": "woods",
  "1606": "undergo",
  "1607": "during",
  "1608": "greatest",
  "1609": "loss",
  "1610": "known",
  "1611": "happiest",
  "1612": "earth;",
  "1613": "does",
  "1614": "Both",
  "1615": "interested",
  "1616": "heart;",
  "1617": "Woodman;",
  "1618": "happy",
  "1619": "fed",
  "1620": "VI",
  "1621": "Cowardly",
  "1622": "Lion",
  "1623": "companions",
  "1624": "plenty",
  "1625": "wild",
  "1626": "animal",
  "1627": "hidden",
  "1628": "These",
  "1629": "sounds",
  "1630": "girl's",
  "1631": "beat",
  "1632": "return",
  "1633": "forest?",
  "1634": "answer",
  "1635": "boy",
  "1636": "nearer",
  "1637": "city",
  "1638": "dwells",
  "1639": "bear",
  "1640": "Witch's",
  "1641": "protect",
  "1642": "Toto!",
  "1643": "him?",
  "1644": "ourselves",
  "1645": "roar",
  "1646": "next",
  "1647": "bounded",
  "1648": "With",
  "1649": "blow",
  "1650": "paw",
  "1651": "spinning",
  "1652": "struck",
  "1653": "claws",
  "1654": "Lion's",
  "1655": "impression",
  "1656": "Little",
  "1657": "beast",
  "1658": "bite",
  "1659": "fearing",
  "1660": "heedless",
  "1661": "rushed",
  "1662": "forward",
  "1663": "slapped",
  "1664": "out:",
  "1665": "ought",
  "1666": "ashamed",
  "1667": "poor",
  "1668": "dog!",
  "1669": "rubbed",
  "1670": "hit",
  "1671": "retorted",
  "1672": "coward",
  "1673": "shame",
  "1674": "striking",
  "1675": "Scarecrow!",
  "1676": "stuffed?",
  "1677": "patted",
  "1678": "he's",
  "1679": "angry",
  "1680": "That's",
  "1681": "astonished",
  "1682": "whirl",
  "1683": "also?",
  "1684": "blunted",
  "1685": "scratched",
  "1686": "shiver",
  "1687": "run",
  "1688": "tender",
  "1689": "of?",
  "1690": "\"Neither",
  "1691": "He's",
  "1692": "a--a--a",
  "1693": "meat",
  "1694": "Oh!",
  "1695": "curious",
  "1696": "seems",
  "1697": "remarkably",
  "1698": "biting",
  "1699": "except",
  "1700": "makes",
  "1701": "coward?",
  "1702": "horse",
  "1703": "It's",
  "1704": "mystery",
  "1705": "animals",
  "1706": "naturally",
  "1707": "expect",
  "1708": "brave",
  "1709": "King",
  "1710": "Beasts",
  "1711": "learned",
  "1712": "roared",
  "1713": "Whenever",
  "1714": "scared;",
  "1715": "elephants",
  "1716": "tigers",
  "1717": "bears",
  "1718": "fight",
  "1719": "myself--I'm",
  "1720": "coward;",
  "1721": "isn't",
  "1722": "shouldn't",
  "1723": "wiping",
  "1724": "tear",
  "1725": "tip",
  "1726": "sorrow",
  "1727": "unhappy",
  "1728": "begins",
  "1729": "disease",
  "1730": "proves",
  "1731": "For",
  "1732": "\"Perhaps",
  "1733": "courage?",
  "1734": "Or",
  "1735": "\"Then",
  "1736": "simply",
  "1737": "unbearable",
  "1738": "without",
  "1739": "courage",
  "1740": "beasts",
  "1741": "cowardly",
  "1742": "braver",
  "1743": "strides",
  "1744": "approve",
  "1745": "forget",
  "1746": "crushed",
  "1747": "jaws",
  "1748": "ease",
  "1749": "During",
  "1750": "adventure",
  "1751": "mar",
  "1752": "peace",
  "1753": "beetle",
  "1754": "crawling",
  "1755": "careful",
  "1756": "creature;",
  "1757": "wept",
  "1758": "regret",
  "1759": "hinges",
  "1760": "jaw",
  "1761": "tightly",
  "1762": "motions",
  "1763": "relieve",
  "1764": "wrong",
  "1765": "seized",
  "1766": "Woodman's",
  "1767": "moments",
  "1768": "talk",
  "1769": "serve",
  "1770": "lesson",
  "1771": "step",
  "1772": "bug",
  "1773": "crying",
  "1774": "rusts",
  "1775": "Thereafter",
  "1776": "tiny",
  "1777": "ant",
  "1778": "toiling",
  "1779": "unkind",
  "1780": "guide",
  "1781": "wrong;",
  "1782": "gives",
  "1783": "needn't",
  "1784": "VII",
  "1785": "Journey",
  "1786": "camp",
  "1787": "covering",
  "1788": "dew",
  "1789": "pile",
  "1790": "splendid",
  "1791": "fire",
  "1792": "warmed",
  "1793": "less",
  "1794": "deer",
  "1795": "roast",
  "1796": "tastes",
  "1797": "peculiar",
  "1798": "prefer",
  "1799": "cooked",
  "1800": "food",
  "1801": "Don't!",
  "1802": "Please",
  "1803": "begged",
  "1804": "mention",
  "1805": "thoughtful",
  "1806": "awkward",
  "1807": "padded",
  "1808": "fill",
  "1809": "enabled",
  "1810": "feared",
  "1811": "spark",
  "1812": "burn",
  "1813": "distance",
  "1814": "flames",
  "1815": "cover",
  "1816": "snug",
  "1817": "warm",
  "1818": "daylight",
  "1819": "rippling",
  "1820": "eventful",
  "1821": "hardly",
  "1822": "ditch",
  "1823": "crossed",
  "1824": "divided",
  "1825": "wide",
  "1826": "jagged",
  "1827": "rocks",
  "1828": "bottom",
  "1829": "steep",
  "1830": "climb",
  "1831": "despairingly",
  "1832": "haven't",
  "1833": "faintest",
  "1834": "idea",
  "1835": "shaggy",
  "1836": "mane",
  "1837": "fly",
  "1838": "certain",
  "1839": "Neither",
  "1840": "jump",
  "1841": "measuring",
  "1842": "first?",
  "1843": "\"for",
  "1844": "gulf",
  "1845": "dented",
  "1846": "below",
  "1847": "terribly",
  "1848": "falling",
  "1849": "attempt",
  "1850": "crouched",
  "1851": "jump?",
  "1852": "Lions",
  "1853": "giving",
  "1854": "shot",
  "1855": "landed",
  "1856": "safely",
  "1857": "next;",
  "1858": "flying",
  "1859": "air;",
  "1860": "safe",
  "1861": "leaps",
  "1862": "panted",
  "1863": "gloomy",
  "1864": "wondering",
  "1865": "add",
  "1866": "discomfort",
  "1867": "noises",
  "1868": "depths",
  "1869": "Kalidahs",
  "1870": "Kalidahs?",
  "1871": "monstrous",
  "1872": "bodies",
  "1873": "dreadful",
  "1874": "reply",
  "1875": "leap",
  "1876": "consider",
  "1877": "serious",
  "1878": "Here",
  "1879": "chop",
  "1880": "first-rate",
  "1881": "suspect",
  "1882": "front",
  "1883": "pushed",
  "1884": "crash",
  "1885": "bridge",
  "1886": "horror",
  "1887": "Kalidahs!",
  "1888": "beginning",
  "1889": "tremble",
  "1890": "Quick!",
  "1891": "Let",
  "1892": "backward",
  "1893": "fierce",
  "1894": "remembering",
  "1895": "Without",
  "1896": "stopping",
  "1897": "instant",
  "1898": "Dorothy:",
  "1899": "alive",
  "1900": "Wait",
  "1901": "minute!",
  "1902": "carrying",
  "1903": "ugly",
  "1904": "snarling",
  "1905": "brutes",
  "1906": "drawing",
  "1907": "relief",
  "1908": "longer",
  "1909": "creatures",
  "1910": "beating",
  "1911": "yet",
  "1912": "\"Ah",
  "1913": "ride",
  "1914": "thinner",
  "1915": "advanced",
  "1916": "afternoon",
  "1917": "river",
  "1918": "flowing",
  "1919": "swiftly",
  "1920": "meadows",
  "1921": "dotted",
  "1922": "bordered",
  "1923": "delightful",
  "1924": "river?",
  "1925": "raft",
  "1926": "float",
  "1927": "busy",
  "1928": "riverbank",
  "1929": "eaten",
  "1930": "takes",
  "1931": "industrious",
  "1932": "untiring",
  "1933": "cozy",
  "1934": "morning;",
  "1935": "dreamed",
  "1936": "VIII",
  "1937": "Deadly",
  "1938": "Poppy",
  "1939": "Field",
  "1940": "Our",
  "1941": "refreshed",
  "1942": "breakfasted",
  "1943": "princess",
  "1944": "peaches",
  "1945": "plums",
  "1946": "Behind",
  "1947": "suffered",
  "1948": "discouragements;",
  "1949": "sunny",
  "1950": "beckon",
  "1951": "wooden",
  "1952": "pins",
  "1953": "start",
  "1954": "heavy;",
  "1955": "steady",
  "1956": "poles",
  "1957": "push",
  "1958": "current",
  "1959": "swept",
  "1960": "downstream",
  "1961": "enchant",
  "1962": "slaves",
  "1963": "mud",
  "1964": "pull",
  "1965": "again--or",
  "1966": "go--the",
  "1967": "clinging",
  "1968": "Good-bye!",
  "1969": "fortunately",
  "1970": "remembered",
  "1971": "apron",
  "1972": "make-believe",
  "1973": "rate",
  "1974": "all!",
  "1975": "Down",
  "1976": "stream",
  "1977": "floated",
  "1978": "Something",
  "1979": "save",
  "1980": "swim",
  "1981": "shore",
  "1982": "big;",
  "1983": "drawn",
  "1984": "past",
  "1985": "now?",
  "1986": "plan",
  "1987": "grassy",
  "1988": "bank",
  "1989": "cheer",
  "1990": "flower;",
  "1991": "Look!",
  "1992": "wistfully",
  "1993": "Stork",
  "1994": "water's",
  "1995": "Lion;",
  "1996": "twisted",
  "1997": "he?",
  "1998": "wasn't",
  "1999": "heavy",
  "2000": "straw;",
  "2001": "drop",
  "2002": "bird",
  "2003": "grabbed",
  "2004": "hugged",
  "2005": "Toto;",
  "2006": "Tol-de-ri-de-oh!",
  "2007": "gay",
  "2008": "forever",
  "2009": "kindness",
  "2010": "trouble",
  "2011": "babies",
  "2012": "sight",
  "2013": "listening",
  "2014": "colored",
  "2015": "carpeted",
  "2016": "purple",
  "2017": "blossoms",
  "2018": "besides",
  "2019": "clusters",
  "2020": "scarlet",
  "2021": "poppies",
  "2022": "dazzled",
  "2023": "Aren't",
  "2024": "beautiful?",
  "2025": "breathed",
  "2026": "spicy",
  "2027": "scent",
  "2028": "helpless",
  "2029": "frail",
  "2030": "flowers;",
  "2031": "meadow",
  "2032": "odor",
  "2033": "breathes",
  "2034": "falls",
  "2035": "sleeper",
  "2036": "sleeps",
  "2037": "about;",
  "2038": "sit",
  "2039": "hurry",
  "2040": "die",
  "2041": "smell",
  "2042": "killing",
  "2043": "already",
  "2044": "true;",
  "2045": "mistress",
  "2046": "troubled",
  "2047": "deadly",
  "2048": "flower",
  "2049": "aroused",
  "2050": "chair",
  "2051": "lap",
  "2052": "seat",
  "2053": "sleeping",
  "2054": "carpet",
  "2055": "surrounded",
  "2056": "bend",
  "2057": "huge",
  "2058": "given",
  "2059": "poppy",
  "2060": "sadly;",
  "2061": "lift",
  "2062": "perhaps",
  "2063": "dream",
  "2064": "spot",
  "2065": "field",
  "2066": "breathing",
  "2067": "poison",
  "2068": "laid",
  "2069": "fresh",
  "2070": "breeze",
  "2071": "waken",
  "2072": "IX",
  "2073": "Queen",
  "2074": "Mice",
  "2075": "turning",
  "2076": "(which",
  "2077": "beautifully",
  "2078": "hinges)",
  "2079": "bounding",
  "2080": "Wildcat",
  "2081": "showing",
  "2082": "rows",
  "2083": "glowed",
  "2084": "balls",
  "2085": "mouse",
  "2086": "quick",
  "2087": "beast's",
  "2088": "freed",
  "2089": "short;",
  "2090": "squeaky",
  "2091": "saving",
  "2092": "beg",
  "2093": "happens",
  "2094": "Only",
  "2095": "mouse!",
  "2096": "indignantly",
  "2097": "Queen--the",
  "2098": "Mice!",
  "2099": "deed",
  "2100": "mice",
  "2101": "exclaimed:",
  "2102": "Majesty",
  "2103": "manage",
  "2104": "escape",
  "2105": "Wildcat?",
  "2106": "hereafter",
  "2107": "obey",
  "2108": "slightest",
  "2109": "will!",
  "2110": "shrill",
  "2111": "chorus",
  "2112": "scampered",
  "2113": "delight",
  "2114": "chase",
  "2115": "tight",
  "2116": "underneath",
  "2117": "clump",
  "2118": "timid",
  "2119": "us?",
  "2120": "creeping",
  "2121": "bitten",
  "2122": "biggest",
  "2123": "repay",
  "2124": "Queen?",
  "2125": "Nothing",
  "2126": "trying",
  "2127": "Lion!",
  "2128": "Really?",
  "2129": "Mouse",
  "2130": "says",
  "2131": "promise",
  "2132": "treat",
  "2133": "Very",
  "2134": "trust",
  "2135": "willing",
  "2136": "thousands",
  "2137": "string",
  "2138": "attended",
  "2139": "orders",
  "2140": "\"Now",
  "2141": "riverside",
  "2142": "truck",
  "2143": "work;",
  "2144": "limbs",
  "2145": "pegs",
  "2146": "wheels",
  "2147": "trunk",
  "2148": "arrive",
  "2149": "them:",
  "2150": "middle-sized",
  "2151": "mice;",
  "2152": "woke",
  "2153": "dignified",
  "2154": "Permit",
  "2155": "introduce",
  "2156": "curtsy",
  "2157": "fasten",
  "2158": "using",
  "2159": "strings",
  "2160": "thousand",
  "2161": "draw",
  "2162": "harnessed",
  "2163": "hurriedly",
  "2164": "order",
  "2165": "stayed",
  "2166": "though",
  "2167": "heavily",
  "2168": "truck;",
  "2169": "breathe",
  "2170": "poisonous",
  "2171": "meet",
  "2172": "warmly",
  "2173": "companion",
  "2174": "death",
  "2175": "fond",
  "2176": "rescued",
  "2177": "unharnessed",
  "2178": "assistance",
  "2179": "lest",
  "2180": "frighten",
  "2181": "awaken;",
  "2182": "X",
  "2183": "Guardian",
  "2184": "Gate",
  "2185": "lain",
  "2186": "fragrance;",
  "2187": "yawning",
  "2188": "out?",
  "2189": "generously",
  "2190": "death;",
  "2191": "terrible;",
  "2192": "comrades",
  "2193": "fully",
  "2194": "enjoying",
  "2195": "grass;",
  "2196": "smooth",
  "2197": "rejoiced",
  "2198": "dangers",
  "2199": "shades",
  "2200": "road;",
  "2201": "doors",
  "2202": "questions;",
  "2203": "clothing",
  "2204": "emerald-green",
  "2205": "peaked",
  "2206": "getting",
  "2207": "Everything",
  "2208": "unable",
  "2209": "starved",
  "2210": "good-sized",
  "2211": "farmhouse",
  "2212": "boldly",
  "2213": "knocked",
  "2214": "tame?",
  "2215": "opening",
  "2216": "wider",
  "2217": "peep",
  "2218": "couch",
  "2219": "asked:",
  "2220": "indeed!",
  "2221": "exclaimed",
  "2222": "not?",
  "2223": "lets",
  "2224": "presence",
  "2225": "place;",
  "2226": "permitted",
  "2227": "Does",
  "2228": "\"Never",
  "2229": "sits",
  "2230": "Throne",
  "2231": "Room",
  "2232": "Palace",
  "2233": "like?",
  "2234": "form",
  "2235": "wishes",
  "2236": "bird;",
  "2237": "elephant;",
  "2238": "cat",
  "2239": "others",
  "2240": "appears",
  "2241": "brownie",
  "2242": "pleases",
  "2243": "needs",
  "2244": "collection",
  "2245": "sizes",
  "2246": "shapes",
  "2247": "keeps",
  "2248": "pot",
  "2249": "golden",
  "2250": "plate",
  "2251": "Kansas?",
  "2252": "sorrowfully",
  "2253": "somewhere",
  "2254": "likely",
  "2255": "Well",
  "2256": "anything;",
  "2257": "task;",
  "2258": "usually",
  "2259": "YOU",
  "2260": "want?",
  "2261": "speaking",
  "2262": "tail;",
  "2263": "porridge",
  "2264": "dish",
  "2265": "scrambled",
  "2266": "eggs",
  "2267": "nice",
  "2268": "enjoyed",
  "2269": "oats",
  "2270": "lions",
  "2271": "guarded",
  "2272": "disturbed",
  "2273": "quiet",
  "2274": "glow",
  "2275": "brighter",
  "2276": "nearing",
  "2277": "travels",
  "2278": "wall",
  "2279": "gate",
  "2280": "studded",
  "2281": "emeralds",
  "2282": "glittered",
  "2283": "brilliancy",
  "2284": "bell",
  "2285": "button",
  "2286": "silvery",
  "2287": "tinkle",
  "2288": "within",
  "2289": "swung",
  "2290": "arched",
  "2291": "countless",
  "2292": "Before",
  "2293": "size",
  "2294": "clothed",
  "2295": "skin",
  "2296": "greenish",
  "2297": "tint",
  "2298": "box",
  "2299": "perplexity",
  "2300": "idle",
  "2301": "foolish",
  "2302": "errand",
  "2303": "wise",
  "2304": "reflections",
  "2305": "destroy",
  "2306": "rules",
  "2307": "wisely",
  "2308": "honest",
  "2309": "approach",
  "2310": "dared",
  "2311": "Gates",
  "2312": "demand",
  "2313": "spectacles",
  "2314": "brightness",
  "2315": "glory",
  "2316": "blind",
  "2317": "ordered",
  "2318": "unlock",
  "2319": "glasses",
  "2320": "pair",
  "2321": "bands",
  "2322": "chain",
  "2323": "blinded",
  "2324": "glare",
  "2325": "Taking",
  "2326": "portal",
  "2327": "streets",
  "2328": "XI",
  "2329": "protected",
  "2330": "lined",
  "2331": "marble",
  "2332": "pavement",
  "2333": "blocks",
  "2334": "closely",
  "2335": "glittering",
  "2336": "panes",
  "2337": "glass;",
  "2338": "rays",
  "2339": "people--men",
  "2340": "children--walking",
  "2341": "skins",
  "2342": "strangely",
  "2343": "assorted",
  "2344": "mothers",
  "2345": "shops",
  "2346": "street",
  "2347": "Green",
  "2348": "candy",
  "2349": "pop",
  "2350": "sale",
  "2351": "sorts",
  "2352": "selling",
  "2353": "lemonade",
  "2354": "bought",
  "2355": "paid",
  "2356": "pennies",
  "2357": "kind;",
  "2358": "carts",
  "2359": "Everyone",
  "2360": "contented",
  "2361": "prosperous",
  "2362": "soldier",
  "2363": "uniform",
  "2364": "wearing",
  "2365": "strangers",
  "2366": "Step",
  "2367": "inside",
  "2368": "message",
  "2369": "furniture",
  "2370": "wipe",
  "2371": "mat",
  "2372": "entering",
  "2373": "seated",
  "2374": "politely:",
  "2375": "yourselves",
  "2376": "comfortable",
  "2377": "soldier;",
  "2378": "screen",
  "2379": "grant",
  "2380": "audience",
  "2381": "desire;",
  "2382": "enter",
  "2383": "admit",
  "2384": "shown",
  "2385": "rooms",
  "2386": "girl;",
  "2387": "blew",
  "2388": "whistle",
  "2389": "silk",
  "2390": "Follow",
  "2391": "seven",
  "2392": "passages",
  "2393": "flights",
  "2394": "stairs",
  "2395": "sweetest",
  "2396": "velvet",
  "2397": "counterpane",
  "2398": "fountain",
  "2399": "spray",
  "2400": "perfume",
  "2401": "carved",
  "2402": "basin",
  "2403": "Beautiful",
  "2404": "windows",
  "2405": "row",
  "2406": "books",
  "2407": "pictures",
  "2408": "wardrobe",
  "2409": "dresses",
  "2410": "satin",
  "2411": "velvet;",
  "2412": "Make",
  "2413": "ring",
  "2414": "tomorrow",
  "2415": "lodged",
  "2416": "politeness",
  "2417": "wasted",
  "2418": "stupidly",
  "2419": "lie",
  "2420": "eyes;",
  "2421": "staring",
  "2422": "spider",
  "2423": "weaving",
  "2424": "web",
  "2425": "force",
  "2426": "habit",
  "2427": "flesh;",
  "2428": "moving",
  "2429": "working",
  "2430": "preferred",
  "2431": "purred",
  "2432": "minute",
  "2433": "fetch",
  "2434": "prettiest",
  "2435": "gowns",
  "2436": "brocaded",
  "2437": "ribbon",
  "2438": "Toto's",
  "2439": "First",
  "2440": "hall",
  "2441": "ladies",
  "2442": "gentlemen",
  "2443": "court",
  "2444": "costumes",
  "2445": "outside",
  "2446": "curiously",
  "2447": "whispered:",
  "2448": "Terrible?",
  "2449": "rang",
  "2450": "signal",
  "2451": "ceiling",
  "2452": "throne",
  "2453": "shaped",
  "2454": "sparkled",
  "2455": "gems",
  "2456": "enormous",
  "2457": "Head",
  "2458": "support",
  "2459": "giant",
  "2460": "fear",
  "2461": "steadily",
  "2462": "say:",
  "2463": "Terrible",
  "2464": "seek",
  "2465": "awful",
  "2466": "Head;",
  "2467": "Small",
  "2468": "Meek",
  "2469": "shoes?",
  "2470": "forehead?",
  "2471": "telling",
  "2472": "truth",
  "2473": "Send",
  "2474": "dreadfully",
  "2475": "winked",
  "2476": "queerly",
  "2477": "weak;",
  "2478": "simply;",
  "2479": "pay",
  "2480": "gets",
  "2481": "power",
  "2482": "Help",
  "2483": "Kill",
  "2484": "cannot!",
  "2485": "Kansas--but",
  "2486": "disappointed;",
  "2487": "willingly",
  "2488": "sobbed",
  "2489": "dies",
  "2490": "Remember",
  "2491": "Wicked--tremendously",
  "2492": "Wicked--and",
  "2493": "task",
  "2494": "Sorrowfully",
  "2495": "West;",
  "2496": "whiskers",
  "2497": "admitted",
  "2498": "emerald",
  "2499": "Lady",
  "2500": "gauze",
  "2501": "locks",
  "2502": "crown",
  "2503": "jewels",
  "2504": "Growing",
  "2505": "wings",
  "2506": "prettily",
  "2507": "stuffing",
  "2508": "astonished;",
  "2509": "praying",
  "2510": "dominions",
  "2511": "favors",
  "2512": "Oz;",
  "2513": "bestow",
  "2514": "wisest",
  "2515": "kills",
  "2516": "earned",
  "2517": "desire",
  "2518": "hoped",
  "2519": "hearted",
  "2520": "Beast",
  "2521": "elephant",
  "2522": "weight",
  "2523": "rhinoceros",
  "2524": "five",
  "2525": "slim",
  "2526": "Thick",
  "2527": "woolly",
  "2528": "dreadful-looking",
  "2529": "monster",
  "2530": "imagined",
  "2531": "terror",
  "2532": "disappointed",
  "2533": "pray",
  "2534": "this?",
  "2535": "demanded",
  "2536": "request",
  "2537": "gruffly:",
  "2538": "How?",
  "2539": "kindest",
  "2540": "loving",
  "2541": "forms",
  "2542": "loudest",
  "2543": "pretend",
  "2544": "compel",
  "2545": "bidding",
  "2546": "mercy;",
  "2547": "promises",
  "2548": "glancing",
  "2549": "Ball",
  "2550": "Fire",
  "2551": "glowing",
  "2552": "gaze",
  "2553": "accident",
  "2554": "burning",
  "2555": "up;",
  "2556": "heat",
  "2557": "intense",
  "2558": "singed",
  "2559": "tremblingly",
  "2560": "spoke:",
  "2561": "reality",
  "2562": "Wizards",
  "2563": "fiercely",
  "2564": "Bring",
  "2565": "proof",
  "2566": "gazing",
  "2567": "furiously",
  "2568": "hot",
  "2569": "interview",
  "2570": "cannot?",
  "2571": "Be",
  "2572": "careful!",
  "2573": "anybody",
  "2574": "you;",
  "2575": "sharpened",
  "2576": "grindstone",
  "2577": "early",
  "2578": "crowing",
  "2579": "cock",
  "2580": "yard",
  "2581": "cackling",
  "2582": "hen",
  "2583": "egg",
  "2584": "XII",
  "2585": "Search",
  "2586": "officer",
  "2587": "unlocked",
  "2588": "Which",
  "2589": "West?",
  "2590": "\"How",
  "2591": "her?",
  "2592": "knows",
  "2593": "different",
  "2594": "destroyed",
  "2595": "care;",
  "2596": "Keep",
  "2597": "sets",
  "2598": "fail",
  "2599": "daisies",
  "2600": "buttercups",
  "2601": "palace",
  "2602": "pure",
  "2603": "rougher",
  "2604": "hillier",
  "2605": "faces",
  "2606": "offer",
  "2607": "shade;",
  "2608": "watch",
  "2609": "telescope",
  "2610": "castle",
  "2611": "country;",
  "2612": "pack",
  "2613": "wolves",
  "2614": "Go",
  "2615": "slaves?",
  "2616": "leader",
  "2617": "None",
  "2618": "wolf",
  "2619": "speed",
  "2620": "awake",
  "2621": "wolf's",
  "2622": "weapon",
  "2623": "forty",
  "2624": "heap",
  "2625": "traveling",
  "2626": "angrier",
  "2627": "twice",
  "2628": "Straightway",
  "2629": "darken",
  "2630": "Crow",
  "2631": "Fly",
  "2632": "strangers;",
  "2633": "peck",
  "2634": "battle",
  "2635": "rise",
  "2636": "rage",
  "2637": "Forthwith",
  "2638": "buzzing",
  "2639": "swarm",
  "2640": "bees",
  "2641": "sting",
  "2642": "death!",
  "2643": "commanded",
  "2644": "rapidly",
  "2645": "Take",
  "2646": "scatter",
  "2647": "stings",
  "2648": "hurting",
  "2649": "scattered",
  "2650": "heaps",
  "2651": "coal",
  "2652": "stamped",
  "2653": "tore",
  "2654": "gnashed",
  "2655": "dozen",
  "2656": "spears",
  "2657": "marched",
  "2658": "towards",
  "2659": "strap",
  "2660": "plans",
  "2661": "failed;",
  "2662": "act",
  "2663": "Golden",
  "2664": "Cap",
  "2665": "circle",
  "2666": "rubies",
  "2667": "Whoever",
  "2668": "owned",
  "2669": "Winged",
  "2670": "Monkeys",
  "2671": "command",
  "2672": "Twice",
  "2673": "rule",
  "2674": "fought",
  "2675": "driven",
  "2676": "doing",
  "2677": "reason",
  "2678": "powers",
  "2679": "exhausted",
  "2680": "stinging",
  "2681": "scared",
  "2682": "slowly:",
  "2683": "\"Ep-pe",
  "2684": "pep-pe",
  "2685": "kak-ke!",
  "2686": "Next",
  "2687": "\"Hil-lo",
  "2688": "hol-lo",
  "2689": "hel-lo!",
  "2690": "\"Ziz-zy",
  "2691": "zuz-zy",
  "2692": "zik!",
  "2693": "darkened",
  "2694": "rumbling",
  "2695": "chattering",
  "2696": "crowd",
  "2697": "monkeys",
  "2698": "immense",
  "2699": "command?",
  "2700": "harness",
  "2701": "commands",
  "2702": "obeyed",
  "2703": "noise",
  "2704": "Some",
  "2705": "thickly",
  "2706": "battered",
  "2707": "Others",
  "2708": "fingers",
  "2709": "bundle",
  "2710": "remaining",
  "2711": "stout",
  "2712": "rope",
  "2713": "wound",
  "2714": "coils",
  "2715": "scratch",
  "2716": "struggle",
  "2717": "iron",
  "2718": "fate",
  "2719": "hairy",
  "2720": "grinning",
  "2721": "terribly;",
  "2722": "motioning",
  "2723": "Power",
  "2724": "greater",
  "2725": "Evil",
  "2726": "Witch:",
  "2727": "carries",
  "2728": "band",
  "2729": "ended",
  "2730": "Silver",
  "2731": "Shoes",
  "2732": "tempted",
  "2733": "simple",
  "2734": "soul",
  "2735": "harshly",
  "2736": "severely:",
  "2737": "kitchen",
  "2738": "pots",
  "2739": "kettles",
  "2740": "meekly",
  "2741": "could;",
  "2742": "courtyard",
  "2743": "horse;",
  "2744": "amuse",
  "2745": "chariot",
  "2746": "drive",
  "2747": "bars",
  "2748": "starve",
  "2749": "imprisoned",
  "2750": "horse?",
  "2751": "talked",
  "2752": "troubles",
  "2753": "constantly",
  "2754": "threatened",
  "2755": "umbrella",
  "2756": "strike",
  "2757": "bleed",
  "2758": "bitterly",
  "2759": "whining",
  "2760": "him;",
  "2761": "longing",
  "2762": "Cap;",
  "2763": "steal",
  "2764": "bath",
  "2765": "dread",
  "2766": "bathing",
  "2767": "cunning",
  "2768": "finally",
  "2769": "trick",
  "2770": "bar",
  "2771": "invisible",
  "2772": "off;",
  "2773": "snatched",
  "2774": "skinny",
  "2775": "success",
  "2776": "Give",
  "2777": "shoe!",
  "2778": "shoe",
  "2779": "creature!",
  "2780": "someday",
  "2781": "bucket",
  "2782": "wetting",
  "2783": "Instantly",
  "2784": "shrink",
  "2785": "See",
  "2786": "done!",
  "2787": "melt",
  "2788": "actually",
  "2789": "melting",
  "2790": "brown",
  "2791": "sugar",
  "2792": "Didn't",
  "2793": "despairing",
  "2794": "I?",
  "2795": "minutes",
  "2796": "melted",
  "2797": "deeds",
  "2798": "Look",
  "2799": "out--here",
  "2800": "go!",
  "2801": "shapeless",
  "2802": "boards",
  "2803": "Seeing",
  "2804": "mess",
  "2805": "picking",
  "2806": "cleaned",
  "2807": "chose",
  "2808": "prisoners",
  "2809": "XIII",
  "2810": "prison",
  "2811": "rejoicing",
  "2812": "treated",
  "2813": "cruelty",
  "2814": "holiday",
  "2815": "spent",
  "2816": "feasting",
  "2817": "rescue",
  "2818": "them?",
  "2819": "delighted",
  "2820": "number",
  "2821": "traveled",
  "2822": "rocky",
  "2823": "plain",
  "2824": "blade",
  "2825": "handle",
  "2826": "tenderly",
  "2827": "Yellow",
  "2828": "Castle",
  "2829": "shedding",
  "2830": "plight",
  "2831": "Winkies:",
  "2832": "tinsmiths?",
  "2833": "tinsmiths",
  "2834": "bringing",
  "2835": "tools",
  "2836": "baskets",
  "2837": "straighten",
  "2838": "dents",
  "2839": "solder",
  "2840": "broken?",
  "2841": "mend",
  "2842": "nights",
  "2843": "hammering",
  "2844": "twisting",
  "2845": "bending",
  "2846": "soldering",
  "2847": "polishing",
  "2848": "pounding",
  "2849": "straightened",
  "2850": "job",
  "2851": "vain",
  "2852": "rescuing",
  "2853": "meeting",
  "2854": "wiped",
  "2855": "wet",
  "2856": "tossed",
  "2857": "Scarecrow's",
  "2858": "mending",
  "2859": "goldsmith",
  "2860": "axe-handle",
  "2861": "solid",
  "2862": "gold",
  "2863": "polished",
  "2864": "removed",
  "2865": "burnished",
  "2866": "spoken",
  "2867": "whereupon",
  "2868": "behold",
  "2869": "thanking",
  "2870": "reunited",
  "2871": "claim",
  "2872": "joyfully",
  "2873": "clapping",
  "2874": "tomorrow!",
  "2875": "Finding",
  "2876": "determined",
  "2877": "collar;",
  "2878": "presented",
  "2879": "bracelet",
  "2880": "diamonds;",
  "2881": "gold-headed",
  "2882": "stumbling;",
  "2883": "inlaid",
  "2884": "precious",
  "2885": "Every",
  "2886": "ached",
  "2887": "prepared",
  "2888": "City;",
  "2889": "cheers",
  "2890": "XIV",
  "2891": "remember",
  "2892": "road--not",
  "2893": "pathway--between",
  "2894": "east",
  "2895": "rising",
  "2896": "sun;",
  "2897": "west",
  "2898": "moon",
  "2899": "smelling",
  "2900": "morning--all",
  "2901": "cloud",
  "2902": "sometime",
  "2903": "grumble",
  "2904": "Nor",
  "2905": "whimper",
  "2906": "tramping",
  "2907": "anywhere",
  "2908": "butterfly",
  "2909": "tongue",
  "2910": "Suppose",
  "2911": "suggested",
  "2912": "before?",
  "2913": "pattering",
  "2914": "Among",
  "2915": "friends?",
  "2916": "is?",
  "2917": "Queen;",
  "2918": "backs",
  "2919": "mischief",
  "2920": "plague",
  "2921": "wearer",
  "2922": "hurrying",
  "2923": "lining",
  "2924": "say?",
  "2925": "Hello!",
  "2926": "flapping",
  "2927": "sooner",
  "2928": "Monkey",
  "2929": "before;",
  "2930": "intended",
  "2931": "rode",
  "2932": "gardens",
  "2933": "Cap?",
  "2934": "laugh;",
  "2935": "\"Once",
  "2936": "happily",
  "2937": "master",
  "2938": "tails",
  "2939": "throwing",
  "2940": "careless",
  "2941": "clouds",
  "2942": "Gayelette",
  "2943": "handsome",
  "2944": "ruby",
  "2945": "stupid",
  "2946": "mate",
  "2947": "manly",
  "2948": "husband",
  "2949": "manhood",
  "2950": "Quelala",
  "2951": "hastened",
  "2952": "wedding",
  "2953": "grandfather",
  "2954": "Gayelette's",
  "2955": "joke",
  "2956": "costume",
  "2957": "word",
  "2958": "\u2018Swim",
  "2959": "\u2018and",
  "2960": "spotted",
  "2961": "spoiled",
  "2962": "fortune",
  "2963": "swam",
  "2964": "silks",
  "2965": "ruined",
  "2966": "drown",
  "2967": "spared",
  "2968": "condition",
  "2969": "owner",
  "2970": "present",
  "2971": "cost",
  "2972": "kingdom",
  "2973": "whosoever",
  "2974": "bride",
  "2975": "enslave",
  "2976": "rapid",
  "2977": "flight",
  "2978": "Cap!",
  "2979": "XV",
  "2980": "Discovery",
  "2981": "ringing",
  "2982": "What!",
  "2983": "again?",
  "2984": "visit",
  "2985": "Melted!",
  "2986": "news",
  "2987": "Afterward",
  "2988": "guard",
  "2989": "receive",
  "2990": "Witch;",
  "2991": "tiresome",
  "2992": "vexed",
  "2993": "fashion",
  "2994": "sending",
  "2995": "hardships",
  "2996": "slavery",
  "2997": "nine",
  "2998": "o'clock",
  "2999": "sleepless",
  "3000": "gift",
  "3001": "Promptly",
  "3002": "green-whiskered",
  "3003": "later",
  "3004": "closer",
  "3005": "stillness",
  "3006": "Presently",
  "3007": "Voice",
  "3008": "common",
  "3009": "mortals",
  "3010": "converse",
  "3011": "itself;",
  "3012": "O",
  "3013": "promise?",
  "3014": "destroyed?",
  "3015": "trembled",
  "3016": "Dear",
  "3017": "You've",
  "3018": "angrily",
  "3019": "shan't",
  "3020": "us!",
  "3021": "alarm",
  "3022": "bald",
  "3023": "wrinkled",
  "3024": "raising",
  "3025": "trembling",
  "3026": "me--please",
  "3027": "don't--and",
  "3028": "Making",
  "3029": "believe!",
  "3030": "Wizard?",
  "3031": "\"Hush",
  "3032": "overheard--and",
  "3033": "supposed",
  "3034": "dear;",
  "3035": "You're",
  "3036": "grieved",
  "3037": "tone;",
  "3038": "you're",
  "3039": "humbug",
  "3040": "Exactly",
  "3041": "so!",
  "3042": "rubbing",
  "3043": "wailed",
  "3044": "coat",
  "3045": "sleeve",
  "3046": "Think",
  "3047": "Doesn't",
  "3048": "humbug?",
  "3049": "four--and",
  "3050": "fooled",
  "3051": "letting",
  "3052": "Usually",
  "3053": "subjects",
  "3054": "bewilderment",
  "3055": "Head?",
  "3056": "tricks",
  "3057": "chamber",
  "3058": "rear",
  "3059": "thicknesses",
  "3060": "paper",
  "3061": "wire",
  "3062": "thread",
  "3063": "voice?",
  "3064": "ventriloquist",
  "3065": "throw",
  "3066": "deceive",
  "3067": "mask",
  "3068": "sewn",
  "3069": "slats",
  "3070": "false",
  "3071": "ball",
  "3072": "cotton",
  "3073": "poured",
  "3074": "\"Really",
  "3075": "am--I",
  "3076": "sorrowfully;",
  "3077": "Sit",
  "3078": "chairs;",
  "3079": "Omaha--",
  "3080": "Kansas!",
  "3081": "trained",
  "3082": "imitate",
  "3083": "mewed",
  "3084": "kitten",
  "3085": "pricked",
  "3086": "balloonist",
  "3087": "circus",
  "3088": "ropes",
  "3089": "couldn't",
  "3090": "floating",
  "3091": "gradually",
  "3092": "Palace;",
  "3093": "green?",
  "3094": "abounding",
  "3095": "metals",
  "3096": "fears",
  "3097": "Witches",
  "3098": "magical",
  "3099": "Fortunately",
  "3100": "harm;",
  "3101": "years;",
  "3102": "learning",
  "3103": "Experience",
  "3104": "brings",
  "3105": "knowledge",
  "3106": "earth",
  "3107": "experience",
  "3108": "magician",
  "3109": "stuff",
  "3110": "however;",
  "3111": "you--thank",
  "3112": "you!",
  "3113": "fear!",
  "3114": "confidence",
  "3115": "True",
  "3116": "sort",
  "3117": "opinion",
  "3118": "unhappiness",
  "3119": "murmur",
  "3120": "continue",
  "3121": "meantime",
  "3122": "guests",
  "3123": "help--such",
  "3124": "spirits",
  "3125": "Humbug",
  "3126": "forgive",
  "3127": "XVI",
  "3128": "Magic",
  "3129": "Art",
  "3130": "friends:",
  "3131": "Congratulate",
  "3132": "liked",
  "3133": "thoughts",
  "3134": "brain",
  "3135": "cheerful",
  "3136": "rapped",
  "3137": "engaged",
  "3138": "uneasily",
  "3139": "excuse",
  "3140": "proper",
  "3141": "unfastened",
  "3142": "emptied",
  "3143": "measure",
  "3144": "bran",
  "3145": "mixed",
  "3146": "needles",
  "3147": "shaken",
  "3148": "thoroughly",
  "3149": "mixture",
  "3150": "space",
  "3151": "Hereafter",
  "3152": "bran-new",
  "3153": "fulfillment",
  "3154": "bulged",
  "3155": "feel?",
  "3156": "head?",
  "3157": "breast",
  "3158": "won't",
  "3159": "tinsmith's",
  "3160": "shears",
  "3161": "square",
  "3162": "chest",
  "3163": "drawers",
  "3164": "sawdust",
  "3165": "Isn't",
  "3166": "beauty?",
  "3167": "very!",
  "3168": "neatly",
  "3169": "\"There",
  "3170": "he;",
  "3171": "patch",
  "3172": "Never",
  "3173": "account",
  "3174": "announced",
  "3175": "man;",
  "3176": "reaching",
  "3177": "bottle",
  "3178": "contents",
  "3179": "green-gold",
  "3180": "Placing",
  "3181": "sniffed",
  "3182": "\"Drink",
  "3183": "one;",
  "3184": "swallowed",
  "3185": "advise",
  "3186": "hesitated",
  "3187": "Full",
  "3188": "everybody",
  "3189": "imagination",
  "3190": "XVII",
  "3191": "Balloon",
  "3192": "Was",
  "3193": "Launched",
  "3194": "head;",
  "3195": "rattling",
  "3196": "breast;",
  "3197": "kinder",
  "3198": "army",
  "3199": "Thus",
  "3200": "satisfied",
  "3201": "longed",
  "3202": "fourth",
  "3203": "pleasantly:",
  "3204": "notion",
  "3205": "lies",
  "3206": "desert?",
  "3207": "coated",
  "3208": "glue",
  "3209": "gas",
  "3210": "Hot",
  "3211": "We!",
  "3212": "discover",
  "3213": "deceived",
  "3214": "I'd",
  "3215": "sew",
  "3216": "begin",
  "3217": "needle",
  "3218": "strips",
  "3219": "sewed",
  "3220": "strip",
  "3221": "green;",
  "3222": "fancy",
  "3223": "bag",
  "3224": "twenty",
  "3225": "airtight",
  "3226": "brother",
  "3227": "throughout",
  "3228": "silken",
  "3229": "Gradually",
  "3230": "swelled",
  "3231": "tugging",
  "3232": "lighter",
  "3233": "\"Come",
  "3234": "Hurry",
  "3235": "crack",
  "3236": "back!",
  "3237": "too!",
  "3238": "shouted",
  "3239": "upward",
  "3240": "Omaha",
  "3241": "lovingly",
  "3242": "another:",
  "3243": "Wise",
  "3244": "Still",
  "3245": "XVIII",
  "3246": "Away",
  "3247": "passing",
  "3248": "losing",
  "3249": "Truly",
  "3250": "ungrateful",
  "3251": "failed",
  "3252": "mourn",
  "3253": "pleasure",
  "3254": "towel",
  "3255": "jeweled",
  "3256": "ruler",
  "3257": "matters",
  "3258": "respectfully",
  "3259": "unlucky",
  "3260": "belong",
  "3261": "well-pleased",
  "3262": "content",
  "3263": "modestly",
  "3264": "done?",
  "3265": "that!",
  "3266": "bowing",
  "3267": "wish?",
  "3268": "disappointment",
  "3269": "purpose",
  "3270": "bad!",
  "3271": "tender-hearted",
  "3272": "burst",
  "3273": "advice",
  "3274": "summoned",
  "3275": "allowed",
  "3276": "so?",
  "3277": "nobody",
  "3278": "Glinda",
  "3279": "Glinda?",
  "3280": "stands",
  "3281": "castle?",
  "3282": "race",
  "3283": "travel",
  "3284": "someone",
  "3285": "service",
  "3286": "start?",
  "3287": "due",
  "3288": "starts",
  "3289": "XIX",
  "3290": "Attacked",
  "3291": "Fighting",
  "3292": "Trees",
  "3293": "replied;",
  "3294": "good-natured",
  "3295": "farewell",
  "3296": "outer",
  "3297": "forth",
  "3298": "chatted",
  "3299": "chased",
  "3300": "moths",
  "3301": "butterflies",
  "3302": "agree",
  "3303": "brisk",
  "3304": "pace",
  "3305": "courageous",
  "3306": "towers",
  "3307": "steeples",
  "3308": "spires",
  "3309": "dose",
  "3310": "forgave",
  "3311": "day's",
  "3312": "extend",
  "3313": "see;",
  "3314": "change",
  "3315": "easiest",
  "3316": "wide-spreading",
  "3317": "twined",
  "3318": "flung",
  "3319": "headlong",
  "3320": "dizzy",
  "3321": "thrown",
  "3322": "minds",
  "3323": "shouldering",
  "3324": "handled",
  "3325": "roughly",
  "3326": "branch",
  "3327": "seize",
  "3328": "pain",
  "3329": "on!",
  "3330": "quick!",
  "3331": "injury",
  "3332": "promptly",
  "3333": "policemen",
  "3334": "china",
  "3335": "surface",
  "3336": "XX",
  "3337": "Dainty",
  "3338": "China",
  "3339": "Country",
  "3340": "him:",
  "3341": "Rest",
  "3342": "waked",
  "3343": "my!",
  "3344": "last;",
  "3345": "stretch",
  "3346": "platter",
  "3347": "Scattered",
  "3348": "brightest",
  "3349": "colors",
  "3350": "waist",
  "3351": "barns",
  "3352": "pigs",
  "3353": "chickens",
  "3354": "groups",
  "3355": "strangest",
  "3356": "milkmaids",
  "3357": "shepherdesses",
  "3358": "bodices",
  "3359": "spots",
  "3360": "gowns;",
  "3361": "princesses",
  "3362": "frocks",
  "3363": "purple;",
  "3364": "shepherds",
  "3365": "knee",
  "3366": "breeches",
  "3367": "stripes",
  "3368": "buckles",
  "3369": "shoes;",
  "3370": "princes",
  "3371": "crowns",
  "3372": "ermine",
  "3373": "robes",
  "3374": "doublets;",
  "3375": "clowns",
  "3376": "ruffled",
  "3377": "caps",
  "3378": "tallest",
  "3379": "extra-large",
  "3380": "afterwards",
  "3381": "pains",
  "3382": "flattened",
  "3383": "unwise",
  "3384": "milkmaid",
  "3385": "milking",
  "3386": "kick",
  "3387": "kicked",
  "3388": "stool",
  "3389": "clatter",
  "3390": "shocked",
  "3391": "nick",
  "3392": "elbow",
  "3393": "There!",
  "3394": "mender's",
  "3395": "shop",
  "3396": "glued",
  "3397": "frightening",
  "3398": "cow?",
  "3399": "sulkily",
  "3400": "limping",
  "3401": "cast",
  "3402": "reproachful",
  "3403": "glances",
  "3404": "nicked",
  "3405": "Princess",
  "3406": "me!",
  "3407": "\"Because",
  "3408": "break",
  "3409": "mended?",
  "3410": "mended",
  "3411": "Mr",
  "3412": "Joker",
  "3413": "hundred",
  "3414": "comes",
  "3415": "jolly",
  "3416": "clown",
  "3417": "completely",
  "3418": "plainly",
  "3419": "Clown",
  "3420": "pockets",
  "3421": "puffing",
  "3422": "nodding",
  "3423": "saucily",
  "3424": "fair",
  "3425": "stare",
  "3426": "stiff",
  "3427": "prim",
  "3428": "You'd",
  "3429": "poker!",
  "3430": "sir!",
  "3431": "respect?",
  "3432": "that's",
  "3433": "respect",
  "3434": "considerably",
  "3435": "cracked",
  "3436": "Em's",
  "3437": "mantel",
  "3438": "contentedly",
  "3439": "stiffen",
  "3440": "mantels",
  "3441": "cabinets",
  "3442": "drawing-room",
  "3443": "tables",
  "3444": "pleasanter",
  "3445": "world!",
  "3446": "\"Good-bye",
  "3447": "scramble",
  "3448": "wall;",
  "3449": "upset",
  "3450": "church",
  "3451": "smashed",
  "3452": "breaking",
  "3453": "cow's",
  "3454": "brittle!",
  "3455": "damaged",
  "3456": "XXI",
  "3457": "Becomes",
  "3458": "climbing",
  "3459": "bogs",
  "3460": "marshes",
  "3461": "rank",
  "3462": "muddy",
  "3463": "wilder",
  "3464": "underbrush",
  "3465": "moss",
  "3466": "clings",
  "3467": "Surely",
  "3468": "rumble",
  "3469": "growling",
  "3470": "whimpered",
  "3471": "well-trodden",
  "3472": "hundreds",
  "3473": "variety",
  "3474": "foxes",
  "3475": "natural",
  "3476": "history",
  "3477": "judged",
  "3478": "assemblage",
  "3479": "hushed",
  "3480": "saying:",
  "3481": "\"Welcome",
  "3482": "trouble?",
  "3483": "quietly",
  "3484": "tiger",
  "3485": "lately",
  "3486": "tremendous",
  "3487": "eight",
  "3488": "crawls",
  "3489": "seizes",
  "3490": "drags",
  "3491": "eats",
  "3492": "decide",
  "3493": "No;",
  "3494": "Forest?",
  "3495": "tiger;",
  "3496": "roar:",
  "3497": "\"Yonder",
  "3498": "oak",
  "3499": "forefoot",
  "3500": "proudly",
  "3501": "foe",
  "3502": "disgust",
  "3503": "coarse",
  "3504": "long;",
  "3505": "pudgy",
  "3506": "slender",
  "3507": "wasp's",
  "3508": "hint",
  "3509": "attack",
  "3510": "easier",
  "3511": "directly",
  "3512": "monster's",
  "3513": "armed",
  "3514": "spider's",
  "3515": "Jumping",
  "3516": "wiggling",
  "3517": "proudly:",
  "3518": "XXII",
  "3519": "safety",
  "3520": "gloom",
  "3521": "hill",
  "3522": "rock",
  "3523": "nevertheless",
  "3524": "itself",
  "3525": "belongs",
  "3526": "We're",
  "3527": "not!",
  "3528": "supported",
  "3529": "lightning",
  "3530": "man's",
  "3531": "tumbling",
  "3532": "Almost",
  "3533": "think!",
  "3534": "boisterous",
  "3535": "armless",
  "3536": "Hammer-Heads",
  "3537": "hillside",
  "3538": "caused",
  "3539": "echoed",
  "3540": "thunder",
  "3541": "rolling",
  "3542": "cannon",
  "3543": "bruised",
  "3544": "sore",
  "3545": "useless",
  "3546": "shooting",
  "3547": "heads;",
  "3548": "withstand",
  "3549": "then?",
  "3550": "Call",
  "3551": "putting",
  "3552": "uttered",
  "3553": "prompt",
  "3554": "commands?",
  "3555": "Carry",
  "3556": "yelled",
  "3557": "vexation",
  "3558": "summon",
  "3559": "twinkling",
  "3560": "ripening",
  "3561": "well-paved",
  "3562": "brooks",
  "3563": "bridges",
  "3564": "fat",
  "3565": "chubby",
  "3566": "yellowing",
  "3567": "kinds",
  "3568": "cake",
  "3569": "cookies",
  "3570": "bowl",
  "3571": "milk",
  "3572": "Thanking",
  "3573": "afresh",
  "3574": "gates",
  "3575": "uniforms",
  "3576": "trimmed",
  "3577": "braid;",
  "3578": "approached",
  "3579": "her:",
  "3580": "Country?",
  "3581": "Will",
  "3582": "XXIII",
  "3583": "Grants",
  "3584": "Wish",
  "3585": "combed",
  "3586": "presentable",
  "3587": "ringlets",
  "3588": "child?",
  "3589": "adventures",
  "3590": "mourning;",
  "3591": "afford",
  "3592": "upturned",
  "3593": "Bless",
  "3594": "Willingly!",
  "3595": "\"indeed",
  "3596": "smiling",
  "3597": "worries",
  "3598": "deprive",
  "3599": "Am",
  "3600": "wonderful?",
  "3601": "unusual",
  "3602": "Turning",
  "3603": "is--when",
  "3604": "polished--and",
  "3605": "grand",
  "3606": "thereafter",
  "3607": "evermore",
  "3608": "kindness;",
  "3609": "brains!",
  "3610": "whole",
  "3611": "desired",
  "3612": "knock",
  "3613": "patting",
  "3614": "weeping",
  "3615": "kissing",
  "3616": "sorrowful",
  "3617": "parting",
  "3618": "solemnly",
  "3619": "clapped",
  "3620": "Em!",
  "3621": "whirling",
  "3622": "barnyard",
  "3623": "barn",
  "3624": "stocking-feet",
  "3625": "XXIV",
  "3626": "Home",
  "3627": "cabbages",
  "3628": "darling",
  "3629": "child!",
  "3630": "folding",
  "3631": "kisses",
  "3632": "from?",
  "3633": "oh",
  "3634": "again!"
}